Map,Scenario
Bab,Scenario_Bab_Checkpoint_Security
Citadel,Scenario_Citadel_Checkpoint_Security
Crossing,Scenario_Crossing_Checkpoint_Security
Farmhouse,Scenario_Farmhouse_Checkpoint_Security
Gap,Scenario_Gap_Checkpoint_Security
Hideout,Scenario_Hideout_Checkpoint_Security
Hillside,Scenario_Hillside_Checkpoint_Security
Ministry,Scenario_Ministry_Checkpoint_Security
Outskirts,Scenario_Outskirts_Checkpoint_Security
Precinct,Scenario_Precinct_Checkpoint_Security
Refinery,Scenario_Refinery_Checkpoint_Security
Summit,Scenario_Summit_Checkpoint_Security
Power Plant,Scenario_PowerPlant_Checkpoint_Security
Tell,Scenario_Tell_Checkpoint_Security
Tideway,Scenario_Tideway_Checkpoint_Security
Prison,Scenario_Prison_Checkpoint_Security
Trainyard,Scenario_Trainyard_Checkpoint_Security
